Category,Name,Description,URL,Keywords,Notes
Main,Home,Website homepage,https://hsbteleet.com/,"home, hsbteleet",Start here
Main,HSBTE PYQ Hub,All diploma previous year papers,https://hsbteleet.com/hsbte-pyq,"pyq, previous year, diploma papers",FREE
Main,HSBTE Diploma Syllabus,All branch syllabus PDF cards,https://hsbteleet.com/hsbte-syllabus,"diploma syllabus, hsbte syllabus",FREE PDFs
Main,Haryana LEET Hub,LEET landing / overview,https://hsbteleet.com/haryanaleet,"leet, haryana leet",
Main,B.Tech LEET,B.Tech LEET main page,https://hsbteleet.com/btech-leet,btech leet,
Main,FAQ,Website FAQ page,https://hsbteleet.com/faq,faq,
Main,Contact,Email + WhatsApp contact,https://hsbteleet.com/contact,"contact, support",WhatsApp 9992507270
Main,HSBTE Result,Result related page,https://hsbteleet.com/hsbte-result,result,
Main,Haryana Diploma Info,Diploma info page,https://hsbteleet.com/haryana-diploma-info,diploma info,
Premium,Premium Landing,Plans compare Premium vs Ultra,https://hsbteleet.com/btech-leet-premium,"premium, ultra, plans",Marketing page
Premium,Buy / Login Premium,Register + Razorpay for Premium ₹99,https://hsbteleet.com/premium-login?tier=premium,"buy premium, login, pay 99",BUY LINK
Premium,Buy / Login Ultra,Register + Razorpay for Ultra ₹149,https://hsbteleet.com/premium-login?tier=ultra,"buy ultra, login, pay 149",BUY LINK
Premium,Premium Login (default),Login/register page,https://hsbteleet.com/premium-login,login premium,
Premium,Premium Papers Dashboard,All 34 papers + PDFs (login required),https://hsbteleet.com/premium-papers,"premium papers, mocks",Login required
Premium,Ultra Premium Tools,College/rank/counselling tools,https://hsbteleet.com/ultra-premium,"ultra tools, predictor",Ultra login required
Premium,Rank Analysis,Rank analysis tool,https://hsbteleet.com/rank-analysis,rank analysis,Premium+
Premium,College Predictor,AI college predictor,https://hsbteleet.com/college-predictor,college predictor,Ultra only
Premium,Study Plan,AI study planner,https://hsbteleet.com/study-plan,study plan,Ultra
Premium,Cutoff Analytics,Cutoff analytics tool,https://hsbteleet.com/cutoff-analytics,cutoff analytics,Ultra
Premium,College Comparison,Compare colleges,https://hsbteleet.com/college-comparison,college comparison,Ultra
Premium,Last Year Cutoff,Last year cutoff page,https://hsbteleet.com/last-year-cutoff,last year cutoff,
Premium Papers,Premium Sample Paper 1,Full syllabus mock 90Q / 90 min (login),https://hsbteleet.com/premium-sample-paper-1,"premium paper 1, mock 1",Requires Premium/Ultra
Premium Papers,Premium Sample Paper 2,Full syllabus mock 90Q / 90 min (login),https://hsbteleet.com/premium-sample-paper-2,"premium paper 2, mock 2",Requires Premium/Ultra
Premium Papers,Premium Sample Paper 3,Full syllabus mock 90Q / 90 min (login),https://hsbteleet.com/premium-sample-paper-3,"premium paper 3, mock 3",Requires Premium/Ultra
Premium Papers,Premium Sample Paper 4,Full syllabus mock 90Q / 90 min (login),https://hsbteleet.com/premium-sample-paper-4,"premium paper 4, mock 4",Requires Premium/Ultra
Premium Papers,Premium Sample Paper 5,Full syllabus mock 90Q / 90 min (login),https://hsbteleet.com/premium-sample-paper-5,"premium paper 5, mock 5",Requires Premium/Ultra
Premium Papers,Premium Sample Paper 6,Full syllabus mock 90Q / 90 min (login),https://hsbteleet.com/premium-sample-paper-6,"premium paper 6, mock 6",Requires Premium/Ultra
Premium Papers,Premium Sample Paper 7,Full syllabus mock 90Q / 90 min (login),https://hsbteleet.com/premium-sample-paper-7,"premium paper 7, mock 7",Requires Premium/Ultra
Premium Papers,Premium Sample Paper 8,Full syllabus mock 90Q / 90 min (login),https://hsbteleet.com/premium-sample-paper-8,"premium paper 8, mock 8",Requires Premium/Ultra
Premium Papers,Premium Sample Paper 9,Full syllabus mock 90Q / 90 min (login),https://hsbteleet.com/premium-sample-paper-9,"premium paper 9, mock 9",Requires Premium/Ultra
Premium Papers,Premium Sample Paper 10,Full syllabus mock 90Q / 90 min (login),https://hsbteleet.com/premium-sample-paper-10,"premium paper 10, mock 10",Requires Premium/Ultra
Premium Papers,Premium Sample Paper 11,Full syllabus mock 90Q / 90 min (login),https://hsbteleet.com/premium-sample-paper-11,"premium paper 11, mock 11",Requires Premium/Ultra
Premium Papers,Premium Sample Paper 12,Full syllabus mock 90Q / 90 min (login),https://hsbteleet.com/premium-sample-paper-12,"premium paper 12, mock 12",Requires Premium/Ultra
Premium Papers,Premium Sample Paper 13,Full syllabus mock 90Q / 90 min (login),https://hsbteleet.com/premium-sample-paper-13,"premium paper 13, mock 13",Requires Premium/Ultra
Premium Papers,Premium Sample Paper 14,Full syllabus mock 90Q / 90 min (login),https://hsbteleet.com/premium-sample-paper-14,"premium paper 14, mock 14",Requires Premium/Ultra
Premium Papers,Premium Sample Paper 15,Full syllabus mock 90Q / 90 min (login),https://hsbteleet.com/premium-sample-paper-15,"premium paper 15, mock 15",Requires Premium/Ultra
Premium Papers,Premium Sample Paper 16,Full syllabus mock 90Q / 90 min (login),https://hsbteleet.com/premium-sample-paper-16,"premium paper 16, mock 16",Requires Premium/Ultra
Premium Papers,Premium Sample Paper 17,Full syllabus mock 90Q / 90 min (login),https://hsbteleet.com/premium-sample-paper-17,"premium paper 17, mock 17",Requires Premium/Ultra
Premium Papers,Premium Sample Paper 18,Full syllabus mock 90Q / 90 min (login),https://hsbteleet.com/premium-sample-paper-18,"premium paper 18, mock 18",Requires Premium/Ultra
Premium Papers,Premium Sample Paper 19,Full syllabus mock 90Q / 90 min (login),https://hsbteleet.com/premium-sample-paper-19,"premium paper 19, mock 19",Requires Premium/Ultra
Premium Papers,Premium Sample Paper 20,Full syllabus mock 90Q / 90 min (login),https://hsbteleet.com/premium-sample-paper-20,"premium paper 20, mock 20",Requires Premium/Ultra
Premium Papers,Premium Sample Paper 21,Full syllabus mock 90Q / 90 min (login),https://hsbteleet.com/premium-sample-paper-21,"premium paper 21, mock 21",Requires Premium/Ultra
Premium Papers,Premium Sample Paper 22,Full syllabus mock 90Q / 90 min (login),https://hsbteleet.com/premium-sample-paper-22,"premium paper 22, mock 22",Requires Premium/Ultra
Premium Papers,Premium Sample Paper 23,Full syllabus mock 90Q / 90 min (login),https://hsbteleet.com/premium-sample-paper-23,"premium paper 23, mock 23",Requires Premium/Ultra
Premium Papers,Premium Sample Paper 24,Full syllabus mock 90Q / 90 min (login),https://hsbteleet.com/premium-sample-paper-24,"premium paper 24, mock 24",Requires Premium/Ultra
Premium Papers,Premium Sample Paper 25,Full syllabus mock 90Q / 90 min (login),https://hsbteleet.com/premium-sample-paper-25,"premium paper 25, mock 25",Requires Premium/Ultra
Premium Papers,Premium Sample Paper 26,Full syllabus mock 90Q / 90 min (login),https://hsbteleet.com/premium-sample-paper-26,"premium paper 26, mock 26",Requires Premium/Ultra
LEET Info,LEET Syllabus (page),Public LEET information page,https://hsbteleet.com/leet-syllabus,leet syllabus,FREE
LEET Info,Haryana LEET Syllabus,Public LEET information page,https://hsbteleet.com/haryana-leet-syllabus,haryana leet syllabus,FREE
LEET Info,Exam Pattern,Public LEET information page,https://hsbteleet.com/haryana-leet-exam-pattern,"exam pattern, marking",FREE
LEET Info,Eligibility,Public LEET information page,https://hsbteleet.com/haryana-leet-eligibility,eligibility,FREE
LEET Info,Counselling Guide,Public LEET information page,https://hsbteleet.com/haryana-leet-counselling,counselling process,FREE
LEET Info,LEET Counselling,Public LEET information page,https://hsbteleet.com/leet-counselling,leet counselling,FREE
LEET Info,Cutoff,Public LEET information page,https://hsbteleet.com/haryana-leet-cutoff,cutoff,FREE
LEET Info,Colleges,Public LEET information page,https://hsbteleet.com/haryana-leet-colleges,colleges,FREE
LEET Info,Seat Intake,Public LEET information page,https://hsbteleet.com/haryana-leet-seat-intake,seat intake,FREE
LEET Info,Admission Documents,Public LEET information page,https://hsbteleet.com/haryana-leet-admission-documents,documents,FREE
LEET Info,OCET Documents,Public LEET information page,https://hsbteleet.com/haryana-leet-ocet-documents,ocet documents,FREE
LEET Info,Key Dates B.Tech,Public LEET information page,https://hsbteleet.com/btech-leet-key-dates,key dates,FREE
LEET Info,LEET Overview,Public LEET information page,https://hsbteleet.com/leet-overview,overview,FREE
LEET Info,LEET Preparation Guide,Public LEET information page,https://hsbteleet.com/leet-preparation-guide,preparation,FREE
LEET Info,Tentative Dates,Public LEET information page,https://hsbteleet.com/leet-tentative-dates,dates,FREE
LEET Info,Haryana LEET 2026/2027 page,Public LEET information page,https://hsbteleet.com/haryana-leet-2026,"leet 2026, leet 2027",FREE
LEET Info,Free B.Tech Sample Hub,Public LEET information page,https://hsbteleet.com/btech-leet-sample-paper,free sample,FREE
LEET Info,Free LEET Sample Hub,Public LEET information page,https://hsbteleet.com/leet-sample-paper,sample paper,FREE
LEET PDF,B.Tech LEET Syllabus PDF,Official entrance syllabus PDF,https://hsbteleet.com/pdf/B.Tech-LEET-Syllabus-2026.pdf,leet syllabus pdf,SEND THIS for LEET syllabus
LEET PDF,B.Tech LE Prospectus,Official prospectus PDF,https://hsbteleet.com/pdf/BTechLE-Prospectus-2026.pdf,prospectus,Also in Premium dashboard
LEET PDF,B.Pharm OCET Syllabus,B.Pharmacy LE syllabus,https://hsbteleet.com/pdf/Syllabus-for-OCET-of-B.Pharmacy-Lateral-Entry-2026.pdf,bpharma syllabus,
LEET PDF,B.Pharm Prospectus,B.Pharmacy prospectus,https://hsbteleet.com/pdf/BPharma-BPharmaLE-Prospectus-2026.pdf,bpharma prospectus,
LEET PDF,Formula Sheet Section A,Premium formula sheet,https://hsbteleet.com/pdf/formula-sheet-LEET2026_Section_A.pdf,formula A,Premium
LEET PDF,Important Topics Section A,Important topics PDF,https://hsbteleet.com/pdf/important-topic-LEET2026_Section_A.pdf,important topics A,Premium
LEET PDF,Cheat Sheet Section A,Cheat sheet PDF,https://hsbteleet.com/pdf/cheat-sheat-LEET2026_Section_A.pdf,cheat sheet A,Premium
LEET PDF,Formula Sheet Section B,Premium formula sheet,https://hsbteleet.com/pdf/formula-sheet-LEET2026_Section_B.pdf,formula B,Premium
LEET PDF,Important Topics Section B,Important topics PDF,https://hsbteleet.com/pdf/important-topic-LEET2026_Section_b.pdf,important topics B,Premium
LEET PDF,Cheat Sheet Section B,Cheat sheet PDF,https://hsbteleet.com/pdf/cheat-sheat-LEET2026_Section_b.pdf,cheat sheet B,Premium
LEET PDF,Formula Sheet Section C,Premium formula sheet,https://hsbteleet.com/pdf/formula-sheet-LEET2026_Section_C.pdf,formula C,Premium
LEET PDF,Important Topics Section C,Important topics PDF,https://hsbteleet.com/pdf/important-topic-LEET2026_Section_c.pdf,important topics C,Premium
LEET PDF,Cheat Sheet Section C,Cheat sheet PDF,https://hsbteleet.com/pdf/cheat-sheat-LEET2026_Section_c.pdf,cheat sheet C,Premium
LEET PDF,Formula Sheet Section D,Premium formula sheet,https://hsbteleet.com/pdf/formula-sheet-LEET2026_Section_D.pdf,formula D,Premium
LEET PDF,Important Topics Section D,Important topics PDF,https://hsbteleet.com/pdf/important-topic-LEET2026_Section_d.pdf,important topics D,Premium
LEET PDF,Cheat Sheet Section D,Cheat sheet PDF,https://hsbteleet.com/pdf/cheat-sheat-LEET2026_Section_d.pdf,cheat sheet D,Premium
Counseling,Counseling Help Buy,₹99 personalized counselling request,https://hsbteleet.com/counseling,"counseling help, 99 counselling",BUY LINK ₹99
Counseling,User Counseling Dashboard,Track admin suggestions,https://hsbteleet.com/user-counseling,dashboard counseling,After payment
B.Pharmacy,B.Pharmacy LEET,B.Pharm lateral entry page,https://hsbteleet.com/B-Pharmacy-leet,bpharmacy leet,
B.Pharmacy,B.Pharm Sample Papers,Sample paper hub,https://hsbteleet.com/b-pharmacy-leet-sample-paper,bpharma sample,
B.Pharmacy,B.Pharm Key Dates,Key dates,https://hsbteleet.com/b-pharmacy-leet-key-dates,bpharma dates,
B.Pharmacy,Bpharma Sample Paper 1,Free/sample set,https://hsbteleet.com/Bpharma-sample-paper-1,bpharma paper 1,
B.Pharmacy,Bpharma Sample Paper 2,Free/sample set,https://hsbteleet.com/Bpharma-sample-paper-2,bpharma paper 2,
B.Pharmacy,Bpharma Sample Paper 3,Free/sample set,https://hsbteleet.com/Bpharma-sample-paper-3,bpharma paper 3,
B.Pharmacy,Bpharma Sample Paper 4,Free/sample set,https://hsbteleet.com/Bpharma-sample-paper-4,bpharma paper 4,
B.Pharmacy,Bpharma Sample Paper 5,Free/sample set,https://hsbteleet.com/Bpharma-sample-paper-5,bpharma paper 5,
B.Pharmacy,Bpharma Sample Paper 6,Free/sample set,https://hsbteleet.com/Bpharma-sample-paper-6,bpharma paper 6,
Diploma Syllabus PDF,Computer Engineering Syllabus PDF,Official HSBTE diploma syllabus PDF,https://hsbteleet.com/syllabus/2%20Final%2001-08-2024%20-%20Diploma%20in%20Computer%20Engineering.pdf,"cse, computer syllabus",Direct PDF download
Diploma Syllabus PDF,AI & ML Syllabus PDF,Official HSBTE diploma syllabus PDF,https://hsbteleet.com/syllabus/18-Final-01-08-2024-Diploma-in-Artificial-Intelligence-and-Machine-Learning.pdf,ai ml syllabus,Direct PDF download
Diploma Syllabus PDF,Civil Engineering Syllabus PDF,Official HSBTE diploma syllabus PDF,https://hsbteleet.com/syllabus/17-Final-01-08-2024-Diploma-in-Civil-Engineering.pdf,civil syllabus,Direct PDF download
Diploma Syllabus PDF,Mechanical Engineering Syllabus PDF,Official HSBTE diploma syllabus PDF,https://hsbteleet.com/syllabus/14-Final-01-08-2024-Diploma-in-Mechanical-Engineering.pdf,"mechanical syllabus, mech syllabus",Direct PDF download
Diploma Syllabus PDF,Electrical Engineering Syllabus PDF,Official HSBTE diploma syllabus PDF,https://hsbteleet.com/syllabus/21-Final-01-08-2024-Diploma-in-Electrical-Engineering.pdf,electrical syllabus,Direct PDF download
Diploma Syllabus PDF,ECE Syllabus PDF,Official HSBTE diploma syllabus PDF,https://hsbteleet.com/syllabus/3-Final-01-08-2024-Diploma-in-Electronics-and-Communication-Engineering.pdf,ece syllabus,Direct PDF download
Diploma Syllabus PDF,Automobile Syllabus PDF,Official HSBTE diploma syllabus PDF,https://hsbteleet.com/syllabus/11-Final-01-08-2024-Diploma-in-Automobile-Engineering.pdf,automobile syllabus,Direct PDF download
Diploma Syllabus PDF,Automation & Robotics Syllabus PDF,Official HSBTE diploma syllabus PDF,https://hsbteleet.com/syllabus/1-Final-01-08-2024---Diploma-in-Automation-%26-Robotics.pdf,automation syllabus,Direct PDF download
Diploma Syllabus PDF,Chemical Syllabus PDF,Official HSBTE diploma syllabus PDF,https://hsbteleet.com/syllabus/16-Final-01-08-2024-Diploma-in-Chemical-Engineering.pdf,chemical syllabus,Direct PDF download
Diploma Syllabus PDF,Agriculture Syllabus PDF,Official HSBTE diploma syllabus PDF,https://hsbteleet.com/syllabus/10-Final-01-08-2024-Diploma-in-Agriculture-Engineering.pdf,agriculture syllabus,Direct PDF download
Diploma Syllabus PDF,Ceramic Syllabus PDF,Official HSBTE diploma syllabus PDF,https://hsbteleet.com/syllabus/12-Final-01-08-2024-Diploma-in-Ceramic-Engineering.pdf,ceramic syllabus,Direct PDF download
Diploma Syllabus PDF,Architecture Assistantship Syllabus PDF,Official HSBTE diploma syllabus PDF,https://hsbteleet.com/syllabus/15-Final-01-08-2024-Diploma-in-Architecture-Assistantship.pdf,architecture syllabus,Direct PDF download
Diploma Syllabus PDF,Business Management Syllabus PDF,Official HSBTE diploma syllabus PDF,https://hsbteleet.com/syllabus/19-Final-01-08-2024-Diploma-in-Business-Management.pdf,dbm syllabus,Direct PDF download
Diploma Syllabus PDF,Food Technology Syllabus PDF,Official HSBTE diploma syllabus PDF,https://hsbteleet.com/syllabus/23-Final-01-08-2024-Diploma-in-Food-Technology.pdf,food syllabus,Direct PDF download
Diploma Syllabus PDF,Hotel Management Syllabus PDF,Official HSBTE diploma syllabus PDF,https://hsbteleet.com/syllabus/24-Final-01-08-2024-Diploma-in-Hotel-Management.pdf,hotel syllabus,Direct PDF download
Diploma Syllabus PDF,Instrumentation & Control Syllabus PDF,Official HSBTE diploma syllabus PDF,https://hsbteleet.com/syllabus/25-Final-01-08-2024-Diploma-in-Instrumentation-and-Control-Engineering.pdf,instrumentation syllabus,Direct PDF download
Diploma Syllabus PDF,Library Science Syllabus PDF,Official HSBTE diploma syllabus PDF,https://hsbteleet.com/syllabus/26-Final-01-08-2024-Diploma-in-Library-and-Information-Science.pdf,library syllabus,Direct PDF download
Diploma Syllabus PDF,Medical Electronics Syllabus PDF,Official HSBTE diploma syllabus PDF,https://hsbteleet.com/syllabus/27-Final-01-08-2024-Diploma-in-Medical-Electronics.pdf,medical electronics syllabus,Direct PDF download
Diploma Syllabus PDF,Medical Lab Technology Syllabus PDF,Official HSBTE diploma syllabus PDF,https://hsbteleet.com/syllabus/28-Final-01-08-2024-Diploma-in-Medical-Laboratory-and-Technology.pdf,mlt syllabus,Direct PDF download
Diploma Syllabus PDF,Office Management Syllabus PDF,Official HSBTE diploma syllabus PDF,https://hsbteleet.com/syllabus/29-Final-01-08-2024-Diploma-in-Office-Management-%26-Computer-Application.pdf,office management syllabus,Direct PDF download
Diploma Syllabus PDF,Plastic Technology Syllabus PDF,Official HSBTE diploma syllabus PDF,https://hsbteleet.com/syllabus/30-Final-01-08-2024-Diploma-in-Plastic-Technology.pdf,plastic syllabus,Direct PDF download
Diploma Syllabus PDF,Fashion Design Syllabus PDF,Official HSBTE diploma syllabus PDF,https://hsbteleet.com/syllabus/4-Final-01-08-2024-Diploma-in-Fashion-Design-(2).pdf,fashion design syllabus,Direct PDF download
Diploma Syllabus PDF,Fashion Technology Syllabus PDF,Official HSBTE diploma syllabus PDF,https://hsbteleet.com/syllabus/5-Final-01-08-2024-Diploma-in-Fashion-Technology.pdf,fashion technology syllabus,Direct PDF download
Diploma Syllabus PDF,Textile Design Syllabus PDF,Official HSBTE diploma syllabus PDF,https://hsbteleet.com/syllabus/6-Final-01-08-2024-Diploma-in-Textile-Design.pdf,textile design syllabus,Direct PDF download
Diploma Syllabus PDF,Textile Processing Syllabus PDF,Official HSBTE diploma syllabus PDF,https://hsbteleet.com/syllabus/7-Final-01-08-2024-Diploma-in-Textile-Processing.pdf,textile processing syllabus,Direct PDF download
Diploma Syllabus PDF,Textile Technology Syllabus PDF,Official HSBTE diploma syllabus PDF,https://hsbteleet.com/syllabus/8-Final-01-08-2024-Diploma-in-Textile-Technology.pdf,textile technology syllabus,Direct PDF download
Diploma Syllabus PDF,Tool & Die (Adv Diploma) Syllabus PDF,Official HSBTE diploma syllabus PDF,https://hsbteleet.com/syllabus/9-Final-01-08-2024-Advanced-Diploma-in-Tool-and-Die-Making.pdf,tool die syllabus,Direct PDF download
Diploma Syllabus PDF,Finance Accounts Auditing Syllabus PDF,Official HSBTE diploma syllabus PDF,https://hsbteleet.com/syllabus/22-Final-01-08-2024-Diploma-in-Finance%2C-Accounts-and-Auditing.pdf,faa syllabus,Direct PDF download
Diploma Syllabus PDF,D Pharmacy Syllabus PDF,Official HSBTE diploma syllabus PDF,https://hsbteleet.com/syllabus/Study-Scheme-for-Diploma-in-Pharmacy-(ER-2020).pdf,"d pharmacy syllabus, dpharm",Direct PDF download
PYQ Branch Hub,Computer Engineering PYQ Hub,Branch landing for previous year papers,https://hsbteleet.com/computer-pyq,computer engineering pyq,FREE
PYQ Semester,Computer Engineering Sem 1 PYQ,Semester-wise previous year papers page,https://hsbteleet.com/computer-1-semester,"computer engineering 1, computer engineering semester 1, computer engineering 1st/1nd/1rd/1th",FREE — send this when user asks branch+semester
PYQ Semester,Computer Engineering Sem 2 PYQ,Semester-wise previous year papers page,https://hsbteleet.com/computer-pyq-2-semester,"computer engineering 2, computer engineering semester 2, computer engineering 2st/2nd/2rd/2th",FREE — send this when user asks branch+semester
PYQ Semester,Computer Engineering Sem 3 PYQ,Semester-wise previous year papers page,https://hsbteleet.com/computer-pyq-3-semester,"computer engineering 3, computer engineering semester 3, computer engineering 3st/3nd/3rd/3th",FREE — send this when user asks branch+semester
PYQ Semester,Computer Engineering Sem 4 PYQ,Semester-wise previous year papers page,https://hsbteleet.com/computer-pyq-4-semester,"computer engineering 4, computer engineering semester 4, computer engineering 4st/4nd/4rd/4th",FREE — send this when user asks branch+semester
PYQ Semester,Computer Engineering Sem 5 PYQ,Semester-wise previous year papers page,https://hsbteleet.com/computer-pyq-5-semester,"computer engineering 5, computer engineering semester 5, computer engineering 5st/5nd/5rd/5th",FREE — send this when user asks branch+semester
PYQ Semester,Computer Engineering Sem 6 PYQ,Semester-wise previous year papers page,https://hsbteleet.com/computer-pyq-6-semester,"computer engineering 6, computer engineering semester 6, computer engineering 6st/6nd/6rd/6th",FREE — send this when user asks branch+semester
PYQ Branch Hub,Mechanical Engineering PYQ Hub,Branch landing for previous year papers,https://hsbteleet.com/mech,mechanical engineering pyq,FREE
PYQ Semester,Mechanical Engineering Sem 1 PYQ,Semester-wise previous year papers page,https://hsbteleet.com/mech-1,"mechanical engineering 1, mechanical engineering semester 1, mechanical engineering 1st/1nd/1rd/1th",FREE — send this when user asks branch+semester
PYQ Semester,Mechanical Engineering Sem 2 PYQ,Semester-wise previous year papers page,https://hsbteleet.com/mech-2,"mechanical engineering 2, mechanical engineering semester 2, mechanical engineering 2st/2nd/2rd/2th",FREE — send this when user asks branch+semester
PYQ Semester,Mechanical Engineering Sem 3 PYQ,Semester-wise previous year papers page,https://hsbteleet.com/mech-3,"mechanical engineering 3, mechanical engineering semester 3, mechanical engineering 3st/3nd/3rd/3th",FREE — send this when user asks branch+semester
PYQ Semester,Mechanical Engineering Sem 4 PYQ,Semester-wise previous year papers page,https://hsbteleet.com/mech-4,"mechanical engineering 4, mechanical engineering semester 4, mechanical engineering 4st/4nd/4rd/4th",FREE — send this when user asks branch+semester
PYQ Semester,Mechanical Engineering Sem 5 PYQ,Semester-wise previous year papers page,https://hsbteleet.com/mech-5,"mechanical engineering 5, mechanical engineering semester 5, mechanical engineering 5st/5nd/5rd/5th",FREE — send this when user asks branch+semester
PYQ Semester,Mechanical Engineering Sem 6 PYQ,Semester-wise previous year papers page,https://hsbteleet.com/mech-6,"mechanical engineering 6, mechanical engineering semester 6, mechanical engineering 6st/6nd/6rd/6th",FREE — send this when user asks branch+semester
PYQ Branch Hub,Civil Engineering PYQ Hub,Branch landing for previous year papers,https://hsbteleet.com/civil,civil engineering pyq,FREE
PYQ Semester,Civil Engineering Sem 1 PYQ,Semester-wise previous year papers page,https://hsbteleet.com/civil-1,"civil engineering 1, civil engineering semester 1, civil engineering 1st/1nd/1rd/1th",FREE — send this when user asks branch+semester
PYQ Semester,Civil Engineering Sem 2 PYQ,Semester-wise previous year papers page,https://hsbteleet.com/civil-2,"civil engineering 2, civil engineering semester 2, civil engineering 2st/2nd/2rd/2th",FREE — send this when user asks branch+semester
PYQ Semester,Civil Engineering Sem 3 PYQ,Semester-wise previous year papers page,https://hsbteleet.com/civil-3,"civil engineering 3, civil engineering semester 3, civil engineering 3st/3nd/3rd/3th",FREE — send this when user asks branch+semester
PYQ Semester,Civil Engineering Sem 4 PYQ,Semester-wise previous year papers page,https://hsbteleet.com/civil-4,"civil engineering 4, civil engineering semester 4, civil engineering 4st/4nd/4rd/4th",FREE — send this when user asks branch+semester
PYQ Semester,Civil Engineering Sem 5 PYQ,Semester-wise previous year papers page,https://hsbteleet.com/civil-5,"civil engineering 5, civil engineering semester 5, civil engineering 5st/5nd/5rd/5th",FREE — send this when user asks branch+semester
PYQ Semester,Civil Engineering Sem 6 PYQ,Semester-wise previous year papers page,https://hsbteleet.com/civil-6,"civil engineering 6, civil engineering semester 6, civil engineering 6st/6nd/6rd/6th",FREE — send this when user asks branch+semester
PYQ Branch Hub,Electrical Engineering PYQ Hub,Branch landing for previous year papers,https://hsbteleet.com/Electrical-Engineering,electrical engineering pyq,FREE
PYQ Semester,Electrical Engineering Sem 1 PYQ,Semester-wise previous year papers page,https://hsbteleet.com/Electrical-Engineering-1,"electrical engineering 1, electrical engineering semester 1, electrical engineering 1st/1nd/1rd/1th",FREE — send this when user asks branch+semester
PYQ Semester,Electrical Engineering Sem 2 PYQ,Semester-wise previous year papers page,https://hsbteleet.com/Electrical-Engineering-2,"electrical engineering 2, electrical engineering semester 2, electrical engineering 2st/2nd/2rd/2th",FREE — send this when user asks branch+semester
PYQ Semester,Electrical Engineering Sem 3 PYQ,Semester-wise previous year papers page,https://hsbteleet.com/Electrical-Engineering-3,"electrical engineering 3, electrical engineering semester 3, electrical engineering 3st/3nd/3rd/3th",FREE — send this when user asks branch+semester
PYQ Semester,Electrical Engineering Sem 4 PYQ,Semester-wise previous year papers page,https://hsbteleet.com/Electrical-Engineering-4,"electrical engineering 4, electrical engineering semester 4, electrical engineering 4st/4nd/4rd/4th",FREE — send this when user asks branch+semester
PYQ Semester,Electrical Engineering Sem 5 PYQ,Semester-wise previous year papers page,https://hsbteleet.com/Electrical-Engineering-5,"electrical engineering 5, electrical engineering semester 5, electrical engineering 5st/5nd/5rd/5th",FREE — send this when user asks branch+semester
PYQ Semester,Electrical Engineering Sem 6 PYQ,Semester-wise previous year papers page,https://hsbteleet.com/Electrical-Engineering-6,"electrical engineering 6, electrical engineering semester 6, electrical engineering 6st/6nd/6rd/6th",FREE — send this when user asks branch+semester
PYQ Branch Hub,ECE PYQ Hub,Branch landing for previous year papers,https://hsbteleet.com/ece,ece pyq,FREE
PYQ Semester,ECE Sem 1 PYQ,Semester-wise previous year papers page,https://hsbteleet.com/ece-1,"ece 1, ece semester 1, ece 1st/1nd/1rd/1th",FREE — send this when user asks branch+semester
PYQ Semester,ECE Sem 2 PYQ,Semester-wise previous year papers page,https://hsbteleet.com/ece-2,"ece 2, ece semester 2, ece 2st/2nd/2rd/2th",FREE — send this when user asks branch+semester
PYQ Semester,ECE Sem 3 PYQ,Semester-wise previous year papers page,https://hsbteleet.com/ece-3,"ece 3, ece semester 3, ece 3st/3nd/3rd/3th",FREE — send this when user asks branch+semester
PYQ Semester,ECE Sem 4 PYQ,Semester-wise previous year papers page,https://hsbteleet.com/ece-4,"ece 4, ece semester 4, ece 4st/4nd/4rd/4th",FREE — send this when user asks branch+semester
PYQ Semester,ECE Sem 5 PYQ,Semester-wise previous year papers page,https://hsbteleet.com/ece-5,"ece 5, ece semester 5, ece 5st/5nd/5rd/5th",FREE — send this when user asks branch+semester
PYQ Semester,ECE Sem 6 PYQ,Semester-wise previous year papers page,https://hsbteleet.com/ece-6,"ece 6, ece semester 6, ece 6st/6nd/6rd/6th",FREE — send this when user asks branch+semester
PYQ Branch Hub,AI & ML PYQ Hub,Branch landing for previous year papers,https://hsbteleet.com/ai-ml,ai & ml pyq,FREE
PYQ Semester,AI & ML Sem 1 PYQ,Semester-wise previous year papers page,https://hsbteleet.com/ai-ml-1,"ai & ml 1, ai & ml semester 1, ai & ml 1st/1nd/1rd/1th",FREE — send this when user asks branch+semester
PYQ Semester,AI & ML Sem 2 PYQ,Semester-wise previous year papers page,https://hsbteleet.com/ai-ml-2,"ai & ml 2, ai & ml semester 2, ai & ml 2st/2nd/2rd/2th",FREE — send this when user asks branch+semester
PYQ Semester,AI & ML Sem 3 PYQ,Semester-wise previous year papers page,https://hsbteleet.com/ai-ml-3,"ai & ml 3, ai & ml semester 3, ai & ml 3st/3nd/3rd/3th",FREE — send this when user asks branch+semester
PYQ Semester,AI & ML Sem 4 PYQ,Semester-wise previous year papers page,https://hsbteleet.com/ai-ml-4,"ai & ml 4, ai & ml semester 4, ai & ml 4st/4nd/4rd/4th",FREE — send this when user asks branch+semester
PYQ Semester,AI & ML Sem 5 PYQ,Semester-wise previous year papers page,https://hsbteleet.com/ai-ml-5,"ai & ml 5, ai & ml semester 5, ai & ml 5st/5nd/5rd/5th",FREE — send this when user asks branch+semester
PYQ Semester,AI & ML Sem 6 PYQ,Semester-wise previous year papers page,https://hsbteleet.com/ai-ml-6,"ai & ml 6, ai & ml semester 6, ai & ml 6st/6nd/6rd/6th",FREE — send this when user asks branch+semester
PYQ Branch Hub,Automobile PYQ Hub,Branch landing for previous year papers,https://hsbteleet.com/Automobile,automobile pyq,FREE
PYQ Semester,Automobile Sem 1 PYQ,Semester-wise previous year papers page,https://hsbteleet.com/Automobile-1,"automobile 1, automobile semester 1, automobile 1st/1nd/1rd/1th",FREE — send this when user asks branch+semester
PYQ Semester,Automobile Sem 2 PYQ,Semester-wise previous year papers page,https://hsbteleet.com/Automobile-2,"automobile 2, automobile semester 2, automobile 2st/2nd/2rd/2th",FREE — send this when user asks branch+semester
PYQ Semester,Automobile Sem 3 PYQ,Semester-wise previous year papers page,https://hsbteleet.com/Automobile-3,"automobile 3, automobile semester 3, automobile 3st/3nd/3rd/3th",FREE — send this when user asks branch+semester
PYQ Semester,Automobile Sem 4 PYQ,Semester-wise previous year papers page,https://hsbteleet.com/Automobile-4,"automobile 4, automobile semester 4, automobile 4st/4nd/4rd/4th",FREE — send this when user asks branch+semester
PYQ Semester,Automobile Sem 5 PYQ,Semester-wise previous year papers page,https://hsbteleet.com/Automobile-5,"automobile 5, automobile semester 5, automobile 5st/5nd/5rd/5th",FREE — send this when user asks branch+semester
PYQ Semester,Automobile Sem 6 PYQ,Semester-wise previous year papers page,https://hsbteleet.com/Automobile-6,"automobile 6, automobile semester 6, automobile 6st/6nd/6rd/6th",FREE — send this when user asks branch+semester
PYQ Branch Hub,Automation & Robotics PYQ Hub,Branch landing for previous year papers,https://hsbteleet.com/Automation,automation & robotics pyq,FREE
PYQ Semester,Automation & Robotics Sem 1 PYQ,Semester-wise previous year papers page,https://hsbteleet.com/Automation-1,"automation & robotics 1, automation & robotics semester 1, automation & robotics 1st/1nd/1rd/1th",FREE — send this when user asks branch+semester
PYQ Semester,Automation & Robotics Sem 2 PYQ,Semester-wise previous year papers page,https://hsbteleet.com/Automation-2,"automation & robotics 2, automation & robotics semester 2, automation & robotics 2st/2nd/2rd/2th",FREE — send this when user asks branch+semester
PYQ Semester,Automation & Robotics Sem 3 PYQ,Semester-wise previous year papers page,https://hsbteleet.com/Automation-3,"automation & robotics 3, automation & robotics semester 3, automation & robotics 3st/3nd/3rd/3th",FREE — send this when user asks branch+semester
PYQ Semester,Automation & Robotics Sem 4 PYQ,Semester-wise previous year papers page,https://hsbteleet.com/Automation-4,"automation & robotics 4, automation & robotics semester 4, automation & robotics 4st/4nd/4rd/4th",FREE — send this when user asks branch+semester
PYQ Semester,Automation & Robotics Sem 5 PYQ,Semester-wise previous year papers page,https://hsbteleet.com/Automation-5,"automation & robotics 5, automation & robotics semester 5, automation & robotics 5st/5nd/5rd/5th",FREE — send this when user asks branch+semester
PYQ Semester,Automation & Robotics Sem 6 PYQ,Semester-wise previous year papers page,https://hsbteleet.com/Automation-6,"automation & robotics 6, automation & robotics semester 6, automation & robotics 6st/6nd/6rd/6th",FREE — send this when user asks branch+semester
PYQ Branch Hub,Chemical PYQ Hub,Branch landing for previous year papers,https://hsbteleet.com/Chemical,chemical pyq,FREE
PYQ Semester,Chemical Sem 1 PYQ,Semester-wise previous year papers page,https://hsbteleet.com/Chemical-1,"chemical 1, chemical semester 1, chemical 1st/1nd/1rd/1th",FREE — send this when user asks branch+semester
PYQ Semester,Chemical Sem 2 PYQ,Semester-wise previous year papers page,https://hsbteleet.com/Chemical-2,"chemical 2, chemical semester 2, chemical 2st/2nd/2rd/2th",FREE — send this when user asks branch+semester
PYQ Semester,Chemical Sem 3 PYQ,Semester-wise previous year papers page,https://hsbteleet.com/Chemical-3,"chemical 3, chemical semester 3, chemical 3st/3nd/3rd/3th",FREE — send this when user asks branch+semester
PYQ Semester,Chemical Sem 4 PYQ,Semester-wise previous year papers page,https://hsbteleet.com/Chemical-4,"chemical 4, chemical semester 4, chemical 4st/4nd/4rd/4th",FREE — send this when user asks branch+semester
PYQ Semester,Chemical Sem 5 PYQ,Semester-wise previous year papers page,https://hsbteleet.com/Chemical-5,"chemical 5, chemical semester 5, chemical 5st/5nd/5rd/5th",FREE — send this when user asks branch+semester
PYQ Semester,Chemical Sem 6 PYQ,Semester-wise previous year papers page,https://hsbteleet.com/Chemical-6,"chemical 6, chemical semester 6, chemical 6st/6nd/6rd/6th",FREE — send this when user asks branch+semester
PYQ Branch Hub,Agriculture PYQ Hub,Branch landing for previous year papers,https://hsbteleet.com/Agriculture,agriculture pyq,FREE
PYQ Semester,Agriculture Sem 1 PYQ,Semester-wise previous year papers page,https://hsbteleet.com/Agriculture-1,"agriculture 1, agriculture semester 1, agriculture 1st/1nd/1rd/1th",FREE — send this when user asks branch+semester
PYQ Semester,Agriculture Sem 2 PYQ,Semester-wise previous year papers page,https://hsbteleet.com/Agriculture-2,"agriculture 2, agriculture semester 2, agriculture 2st/2nd/2rd/2th",FREE — send this when user asks branch+semester
PYQ Semester,Agriculture Sem 3 PYQ,Semester-wise previous year papers page,https://hsbteleet.com/Agriculture-3,"agriculture 3, agriculture semester 3, agriculture 3st/3nd/3rd/3th",FREE — send this when user asks branch+semester
PYQ Semester,Agriculture Sem 4 PYQ,Semester-wise previous year papers page,https://hsbteleet.com/Agriculture-4,"agriculture 4, agriculture semester 4, agriculture 4st/4nd/4rd/4th",FREE — send this when user asks branch+semester
PYQ Semester,Agriculture Sem 5 PYQ,Semester-wise previous year papers page,https://hsbteleet.com/Agriculture-5,"agriculture 5, agriculture semester 5, agriculture 5st/5nd/5rd/5th",FREE — send this when user asks branch+semester
PYQ Branch Hub,Ceramic PYQ Hub,Branch landing for previous year papers,https://hsbteleet.com/Ceramic,ceramic pyq,FREE
PYQ Semester,Ceramic Sem 1 PYQ,Semester-wise previous year papers page,https://hsbteleet.com/Ceramic-1,"ceramic 1, ceramic semester 1, ceramic 1st/1nd/1rd/1th",FREE — send this when user asks branch+semester
PYQ Semester,Ceramic Sem 2 PYQ,Semester-wise previous year papers page,https://hsbteleet.com/Ceramic-2,"ceramic 2, ceramic semester 2, ceramic 2st/2nd/2rd/2th",FREE — send this when user asks branch+semester
PYQ Semester,Ceramic Sem 3 PYQ,Semester-wise previous year papers page,https://hsbteleet.com/Ceramic-3,"ceramic 3, ceramic semester 3, ceramic 3st/3nd/3rd/3th",FREE — send this when user asks branch+semester
PYQ Semester,Ceramic Sem 4 PYQ,Semester-wise previous year papers page,https://hsbteleet.com/Ceramic-4,"ceramic 4, ceramic semester 4, ceramic 4st/4nd/4rd/4th",FREE — send this when user asks branch+semester
PYQ Semester,Ceramic Sem 5 PYQ,Semester-wise previous year papers page,https://hsbteleet.com/Ceramic-5,"ceramic 5, ceramic semester 5, ceramic 5st/5nd/5rd/5th",FREE — send this when user asks branch+semester
PYQ Branch Hub,Architectural Assistantship PYQ Hub,Branch landing for previous year papers,https://hsbteleet.com/Architectural-Assistantship,architectural assistantship pyq,FREE
PYQ Semester,Architectural Assistantship Sem 1 PYQ,Semester-wise previous year papers page,https://hsbteleet.com/Architectural-Assistantship-1,"architectural assistantship 1, architectural assistantship semester 1, architectural assistantship 1st/1nd/1rd/1th",FREE — send this when user asks branch+semester
PYQ Semester,Architectural Assistantship Sem 2 PYQ,Semester-wise previous year papers page,https://hsbteleet.com/Architectural-Assistantship-2,"architectural assistantship 2, architectural assistantship semester 2, architectural assistantship 2st/2nd/2rd/2th",FREE — send this when user asks branch+semester
PYQ Semester,Architectural Assistantship Sem 3 PYQ,Semester-wise previous year papers page,https://hsbteleet.com/Architectural-Assistantship-3,"architectural assistantship 3, architectural assistantship semester 3, architectural assistantship 3st/3nd/3rd/3th",FREE — send this when user asks branch+semester
PYQ Semester,Architectural Assistantship Sem 4 PYQ,Semester-wise previous year papers page,https://hsbteleet.com/Architectural-Assistantship-4,"architectural assistantship 4, architectural assistantship semester 4, architectural assistantship 4st/4nd/4rd/4th",FREE — send this when user asks branch+semester
PYQ Semester,Architectural Assistantship Sem 5 PYQ,Semester-wise previous year papers page,https://hsbteleet.com/Architectural-Assistantship-5,"architectural assistantship 5, architectural assistantship semester 5, architectural assistantship 5st/5nd/5rd/5th",FREE — send this when user asks branch+semester
PYQ Semester,Architectural Assistantship Sem 6 PYQ,Semester-wise previous year papers page,https://hsbteleet.com/Architectural-Assistantship-6,"architectural assistantship 6, architectural assistantship semester 6, architectural assistantship 6st/6nd/6rd/6th",FREE — send this when user asks branch+semester
PYQ Branch Hub,DBM PYQ Hub,Branch landing for previous year papers,https://hsbteleet.com/dbm,dbm pyq,FREE
PYQ Semester,DBM Sem 1 PYQ,Semester-wise previous year papers page,https://hsbteleet.com/dbm-1,"dbm 1, dbm semester 1, dbm 1st/1nd/1rd/1th",FREE — send this when user asks branch+semester
PYQ Semester,DBM Sem 2 PYQ,Semester-wise previous year papers page,https://hsbteleet.com/dbm-2,"dbm 2, dbm semester 2, dbm 2st/2nd/2rd/2th",FREE — send this when user asks branch+semester
PYQ Semester,DBM Sem 3 PYQ,Semester-wise previous year papers page,https://hsbteleet.com/dbm-3,"dbm 3, dbm semester 3, dbm 3st/3nd/3rd/3th",FREE — send this when user asks branch+semester
PYQ Semester,DBM Sem 4 PYQ,Semester-wise previous year papers page,https://hsbteleet.com/dbm-4,"dbm 4, dbm semester 4, dbm 4st/4nd/4rd/4th",FREE — send this when user asks branch+semester
PYQ Semester,DBM Sem 5 PYQ,Semester-wise previous year papers page,https://hsbteleet.com/dbm-5,"dbm 5, dbm semester 5, dbm 5st/5nd/5rd/5th",FREE — send this when user asks branch+semester
PYQ Branch Hub,Food Technology PYQ Hub,Branch landing for previous year papers,https://hsbteleet.com/Food,food technology pyq,FREE
PYQ Semester,Food Technology Sem 1 PYQ,Semester-wise previous year papers page,https://hsbteleet.com/Food-1,"food technology 1, food technology semester 1, food technology 1st/1nd/1rd/1th",FREE — send this when user asks branch+semester
PYQ Semester,Food Technology Sem 2 PYQ,Semester-wise previous year papers page,https://hsbteleet.com/Food-2,"food technology 2, food technology semester 2, food technology 2st/2nd/2rd/2th",FREE — send this when user asks branch+semester
PYQ Semester,Food Technology Sem 3 PYQ,Semester-wise previous year papers page,https://hsbteleet.com/Food-3,"food technology 3, food technology semester 3, food technology 3st/3nd/3rd/3th",FREE — send this when user asks branch+semester
PYQ Semester,Food Technology Sem 4 PYQ,Semester-wise previous year papers page,https://hsbteleet.com/Food-4,"food technology 4, food technology semester 4, food technology 4st/4nd/4rd/4th",FREE — send this when user asks branch+semester
PYQ Semester,Food Technology Sem 5 PYQ,Semester-wise previous year papers page,https://hsbteleet.com/Food-5,"food technology 5, food technology semester 5, food technology 5st/5nd/5rd/5th",FREE — send this when user asks branch+semester
PYQ Semester,Food Technology Sem 6 PYQ,Semester-wise previous year papers page,https://hsbteleet.com/Food-6,"food technology 6, food technology semester 6, food technology 6st/6nd/6rd/6th",FREE — send this when user asks branch+semester
PYQ Branch Hub,Hotel Management PYQ Hub,Branch landing for previous year papers,https://hsbteleet.com/Hotel-Management,hotel management pyq,FREE
PYQ Semester,Hotel Management Sem 1 PYQ,Semester-wise previous year papers page,https://hsbteleet.com/Hotel-Management-1,"hotel management 1, hotel management semester 1, hotel management 1st/1nd/1rd/1th",FREE — send this when user asks branch+semester
PYQ Semester,Hotel Management Sem 2 PYQ,Semester-wise previous year papers page,https://hsbteleet.com/Hotel-Management-2,"hotel management 2, hotel management semester 2, hotel management 2st/2nd/2rd/2th",FREE — send this when user asks branch+semester
PYQ Semester,Hotel Management Sem 3 PYQ,Semester-wise previous year papers page,https://hsbteleet.com/Hotel-Management-3,"hotel management 3, hotel management semester 3, hotel management 3st/3nd/3rd/3th",FREE — send this when user asks branch+semester
PYQ Semester,Hotel Management Sem 4 PYQ,Semester-wise previous year papers page,https://hsbteleet.com/Hotel-Management-4,"hotel management 4, hotel management semester 4, hotel management 4st/4nd/4rd/4th",FREE — send this when user asks branch+semester
PYQ Semester,Hotel Management Sem 5 PYQ,Semester-wise previous year papers page,https://hsbteleet.com/Hotel-Management-5,"hotel management 5, hotel management semester 5, hotel management 5st/5nd/5rd/5th",FREE — send this when user asks branch+semester
PYQ Branch Hub,Instrumentation & Control PYQ Hub,Branch landing for previous year papers,https://hsbteleet.com/Instrumentation-&-Control,instrumentation & control pyq,FREE
PYQ Semester,Instrumentation & Control Sem 1 PYQ,Semester-wise previous year papers page,https://hsbteleet.com/Instrumentation-&-Control-1,"instrumentation & control 1, instrumentation & control semester 1, instrumentation & control 1st/1nd/1rd/1th",FREE — send this when user asks branch+semester
PYQ Semester,Instrumentation & Control Sem 2 PYQ,Semester-wise previous year papers page,https://hsbteleet.com/Instrumentation-&-Control-2,"instrumentation & control 2, instrumentation & control semester 2, instrumentation & control 2st/2nd/2rd/2th",FREE — send this when user asks branch+semester
PYQ Semester,Instrumentation & Control Sem 3 PYQ,Semester-wise previous year papers page,https://hsbteleet.com/Instrumentation-&-Control-3,"instrumentation & control 3, instrumentation & control semester 3, instrumentation & control 3st/3nd/3rd/3th",FREE — send this when user asks branch+semester
PYQ Semester,Instrumentation & Control Sem 4 PYQ,Semester-wise previous year papers page,https://hsbteleet.com/Instrumentation-&-Control-4,"instrumentation & control 4, instrumentation & control semester 4, instrumentation & control 4st/4nd/4rd/4th",FREE — send this when user asks branch+semester
PYQ Semester,Instrumentation & Control Sem 5 PYQ,Semester-wise previous year papers page,https://hsbteleet.com/Instrumentation-&-Control-5,"instrumentation & control 5, instrumentation & control semester 5, instrumentation & control 5st/5nd/5rd/5th",FREE — send this when user asks branch+semester
PYQ Semester,Instrumentation & Control Sem 6 PYQ,Semester-wise previous year papers page,https://hsbteleet.com/Instrumentation-&-Control-6,"instrumentation & control 6, instrumentation & control semester 6, instrumentation & control 6st/6nd/6rd/6th",FREE — send this when user asks branch+semester
PYQ Branch Hub,Library PYQ Hub,Branch landing for previous year papers,https://hsbteleet.com/Library,library pyq,FREE
PYQ Semester,Library Sem 1 PYQ,Semester-wise previous year papers page,https://hsbteleet.com/Library-1,"library 1, library semester 1, library 1st/1nd/1rd/1th",FREE — send this when user asks branch+semester
PYQ Semester,Library Sem 2 PYQ,Semester-wise previous year papers page,https://hsbteleet.com/Library-2,"library 2, library semester 2, library 2st/2nd/2rd/2th",FREE — send this when user asks branch+semester
PYQ Semester,Library Sem 3 PYQ,Semester-wise previous year papers page,https://hsbteleet.com/Library-3,"library 3, library semester 3, library 3st/3nd/3rd/3th",FREE — send this when user asks branch+semester
PYQ Semester,Library Sem 4 PYQ,Semester-wise previous year papers page,https://hsbteleet.com/Library-4,"library 4, library semester 4, library 4st/4nd/4rd/4th",FREE — send this when user asks branch+semester
PYQ Semester,Library Sem 5 PYQ,Semester-wise previous year papers page,https://hsbteleet.com/Library-5,"library 5, library semester 5, library 5st/5nd/5rd/5th",FREE — send this when user asks branch+semester
PYQ Branch Hub,Medical Electronics PYQ Hub,Branch landing for previous year papers,https://hsbteleet.com/Medical-Electronics,medical electronics pyq,FREE
PYQ Semester,Medical Electronics Sem 1 PYQ,Semester-wise previous year papers page,https://hsbteleet.com/Medical-Electronics-1,"medical electronics 1, medical electronics semester 1, medical electronics 1st/1nd/1rd/1th",FREE — send this when user asks branch+semester
PYQ Semester,Medical Electronics Sem 2 PYQ,Semester-wise previous year papers page,https://hsbteleet.com/Medical-Electronics-2,"medical electronics 2, medical electronics semester 2, medical electronics 2st/2nd/2rd/2th",FREE — send this when user asks branch+semester
PYQ Semester,Medical Electronics Sem 3 PYQ,Semester-wise previous year papers page,https://hsbteleet.com/Medical-Electronics-3,"medical electronics 3, medical electronics semester 3, medical electronics 3st/3nd/3rd/3th",FREE — send this when user asks branch+semester
PYQ Semester,Medical Electronics Sem 4 PYQ,Semester-wise previous year papers page,https://hsbteleet.com/Medical-Electronics-4,"medical electronics 4, medical electronics semester 4, medical electronics 4st/4nd/4rd/4th",FREE — send this when user asks branch+semester
PYQ Semester,Medical Electronics Sem 5 PYQ,Semester-wise previous year papers page,https://hsbteleet.com/Medical-Electronics-5,"medical electronics 5, medical electronics semester 5, medical electronics 5st/5nd/5rd/5th",FREE — send this when user asks branch+semester
PYQ Branch Hub,Medical Lab Technology PYQ Hub,Branch landing for previous year papers,https://hsbteleet.com/Medical-Laboratory-Technology,medical lab technology pyq,FREE
PYQ Semester,Medical Lab Technology Sem 1 PYQ,Semester-wise previous year papers page,https://hsbteleet.com/Medical-Laboratory-Technology-1,"medical lab technology 1, medical lab technology semester 1, medical lab technology 1st/1nd/1rd/1th",FREE — send this when user asks branch+semester
PYQ Semester,Medical Lab Technology Sem 2 PYQ,Semester-wise previous year papers page,https://hsbteleet.com/Medical-Laboratory-Technology-2,"medical lab technology 2, medical lab technology semester 2, medical lab technology 2st/2nd/2rd/2th",FREE — send this when user asks branch+semester
PYQ Semester,Medical Lab Technology Sem 3 PYQ,Semester-wise previous year papers page,https://hsbteleet.com/Medical-Laboratory-Technology-3,"medical lab technology 3, medical lab technology semester 3, medical lab technology 3st/3nd/3rd/3th",FREE — send this when user asks branch+semester
PYQ Semester,Medical Lab Technology Sem 4 PYQ,Semester-wise previous year papers page,https://hsbteleet.com/Medical-Laboratory-Technology-4,"medical lab technology 4, medical lab technology semester 4, medical lab technology 4st/4nd/4rd/4th",FREE — send this when user asks branch+semester
PYQ Branch Hub,Office Management PYQ Hub,Branch landing for previous year papers,https://hsbteleet.com/Office-Management,office management pyq,FREE
PYQ Semester,Office Management Sem 1 PYQ,Semester-wise previous year papers page,https://hsbteleet.com/Office-Management-1,"office management 1, office management semester 1, office management 1st/1nd/1rd/1th",FREE — send this when user asks branch+semester
PYQ Semester,Office Management Sem 2 PYQ,Semester-wise previous year papers page,https://hsbteleet.com/Office-Management-2,"office management 2, office management semester 2, office management 2st/2nd/2rd/2th",FREE — send this when user asks branch+semester
PYQ Semester,Office Management Sem 3 PYQ,Semester-wise previous year papers page,https://hsbteleet.com/Office-Management-3,"office management 3, office management semester 3, office management 3st/3nd/3rd/3th",FREE — send this when user asks branch+semester
PYQ Semester,Office Management Sem 4 PYQ,Semester-wise previous year papers page,https://hsbteleet.com/Office-Management-4,"office management 4, office management semester 4, office management 4st/4nd/4rd/4th",FREE — send this when user asks branch+semester
PYQ Semester,Office Management Sem 5 PYQ,Semester-wise previous year papers page,https://hsbteleet.com/Office-Management-5,"office management 5, office management semester 5, office management 5st/5nd/5rd/5th",FREE — send this when user asks branch+semester
PYQ Branch Hub,Plastic PYQ Hub,Branch landing for previous year papers,https://hsbteleet.com/Plastic,plastic pyq,FREE
PYQ Semester,Plastic Sem 1 PYQ,Semester-wise previous year papers page,https://hsbteleet.com/Plastic-1,"plastic 1, plastic semester 1, plastic 1st/1nd/1rd/1th",FREE — send this when user asks branch+semester
PYQ Semester,Plastic Sem 2 PYQ,Semester-wise previous year papers page,https://hsbteleet.com/Plastic-2,"plastic 2, plastic semester 2, plastic 2st/2nd/2rd/2th",FREE — send this when user asks branch+semester
PYQ Semester,Plastic Sem 3 PYQ,Semester-wise previous year papers page,https://hsbteleet.com/Plastic-3,"plastic 3, plastic semester 3, plastic 3st/3nd/3rd/3th",FREE — send this when user asks branch+semester
PYQ Semester,Plastic Sem 4 PYQ,Semester-wise previous year papers page,https://hsbteleet.com/Plastic-4,"plastic 4, plastic semester 4, plastic 4st/4nd/4rd/4th",FREE — send this when user asks branch+semester
PYQ Semester,Plastic Sem 5 PYQ,Semester-wise previous year papers page,https://hsbteleet.com/Plastic-5,"plastic 5, plastic semester 5, plastic 5st/5nd/5rd/5th",FREE — send this when user asks branch+semester
PYQ Semester,Plastic Sem 6 PYQ,Semester-wise previous year papers page,https://hsbteleet.com/Plastic-6,"plastic 6, plastic semester 6, plastic 6st/6nd/6rd/6th",FREE — send this when user asks branch+semester
PYQ Branch Hub,Fashion Design PYQ Hub,Branch landing for previous year papers,https://hsbteleet.com/Fashion-Design,fashion design pyq,FREE
PYQ Semester,Fashion Design Sem 1 PYQ,Semester-wise previous year papers page,https://hsbteleet.com/Fashion-Design-1,"fashion design 1, fashion design semester 1, fashion design 1st/1nd/1rd/1th",FREE — send this when user asks branch+semester
PYQ Semester,Fashion Design Sem 2 PYQ,Semester-wise previous year papers page,https://hsbteleet.com/Fashion-Design-2,"fashion design 2, fashion design semester 2, fashion design 2st/2nd/2rd/2th",FREE — send this when user asks branch+semester
PYQ Semester,Fashion Design Sem 3 PYQ,Semester-wise previous year papers page,https://hsbteleet.com/Fashion-Design-3,"fashion design 3, fashion design semester 3, fashion design 3st/3nd/3rd/3th",FREE — send this when user asks branch+semester
PYQ Semester,Fashion Design Sem 4 PYQ,Semester-wise previous year papers page,https://hsbteleet.com/Fashion-Design-4,"fashion design 4, fashion design semester 4, fashion design 4st/4nd/4rd/4th",FREE — send this when user asks branch+semester
PYQ Semester,Fashion Design Sem 5 PYQ,Semester-wise previous year papers page,https://hsbteleet.com/Fashion-Design-5,"fashion design 5, fashion design semester 5, fashion design 5st/5nd/5rd/5th",FREE — send this when user asks branch+semester
PYQ Semester,Fashion Design Sem 6 PYQ,Semester-wise previous year papers page,https://hsbteleet.com/Fashion-Design-6,"fashion design 6, fashion design semester 6, fashion design 6st/6nd/6rd/6th",FREE — send this when user asks branch+semester
PYQ Branch Hub,Fashion Technology PYQ Hub,Branch landing for previous year papers,https://hsbteleet.com/Fashion-Technology,fashion technology pyq,FREE
PYQ Semester,Fashion Technology Sem 1 PYQ,Semester-wise previous year papers page,https://hsbteleet.com/Fashion-Technology-1,"fashion technology 1, fashion technology semester 1, fashion technology 1st/1nd/1rd/1th",FREE — send this when user asks branch+semester
PYQ Semester,Fashion Technology Sem 2 PYQ,Semester-wise previous year papers page,https://hsbteleet.com/Fashion-Technology-2,"fashion technology 2, fashion technology semester 2, fashion technology 2st/2nd/2rd/2th",FREE — send this when user asks branch+semester
PYQ Semester,Fashion Technology Sem 3 PYQ,Semester-wise previous year papers page,https://hsbteleet.com/Fashion-Technology-3,"fashion technology 3, fashion technology semester 3, fashion technology 3st/3nd/3rd/3th",FREE — send this when user asks branch+semester
PYQ Semester,Fashion Technology Sem 4 PYQ,Semester-wise previous year papers page,https://hsbteleet.com/Fashion-Technology-4,"fashion technology 4, fashion technology semester 4, fashion technology 4st/4nd/4rd/4th",FREE — send this when user asks branch+semester
PYQ Semester,Fashion Technology Sem 5 PYQ,Semester-wise previous year papers page,https://hsbteleet.com/Fashion-Technology-5,"fashion technology 5, fashion technology semester 5, fashion technology 5st/5nd/5rd/5th",FREE — send this when user asks branch+semester
PYQ Semester,Fashion Technology Sem 6 PYQ,Semester-wise previous year papers page,https://hsbteleet.com/Fashion-Technology-6,"fashion technology 6, fashion technology semester 6, fashion technology 6st/6nd/6rd/6th",FREE — send this when user asks branch+semester
PYQ Branch Hub,Textile Design PYQ Hub,Branch landing for previous year papers,https://hsbteleet.com/Textile-Design,textile design pyq,FREE
PYQ Semester,Textile Design Sem 1 PYQ,Semester-wise previous year papers page,https://hsbteleet.com/Textile-Design-1,"textile design 1, textile design semester 1, textile design 1st/1nd/1rd/1th",FREE — send this when user asks branch+semester
PYQ Semester,Textile Design Sem 2 PYQ,Semester-wise previous year papers page,https://hsbteleet.com/Textile-Design-2,"textile design 2, textile design semester 2, textile design 2st/2nd/2rd/2th",FREE — send this when user asks branch+semester
PYQ Semester,Textile Design Sem 3 PYQ,Semester-wise previous year papers page,https://hsbteleet.com/Textile-Design-3,"textile design 3, textile design semester 3, textile design 3st/3nd/3rd/3th",FREE — send this when user asks branch+semester
PYQ Semester,Textile Design Sem 4 PYQ,Semester-wise previous year papers page,https://hsbteleet.com/Textile-Design-4,"textile design 4, textile design semester 4, textile design 4st/4nd/4rd/4th",FREE — send this when user asks branch+semester
PYQ Semester,Textile Design Sem 5 PYQ,Semester-wise previous year papers page,https://hsbteleet.com/Textile-Design-5,"textile design 5, textile design semester 5, textile design 5st/5nd/5rd/5th",FREE — send this when user asks branch+semester
PYQ Semester,Textile Design Sem 6 PYQ,Semester-wise previous year papers page,https://hsbteleet.com/Textile-Design-6,"textile design 6, textile design semester 6, textile design 6st/6nd/6rd/6th",FREE — send this when user asks branch+semester
PYQ Branch Hub,Textile Processing PYQ Hub,Branch landing for previous year papers,https://hsbteleet.com/Textile-Processing,textile processing pyq,FREE
PYQ Semester,Textile Processing Sem 1 PYQ,Semester-wise previous year papers page,https://hsbteleet.com/Textile-Processing-1,"textile processing 1, textile processing semester 1, textile processing 1st/1nd/1rd/1th",FREE — send this when user asks branch+semester
PYQ Semester,Textile Processing Sem 2 PYQ,Semester-wise previous year papers page,https://hsbteleet.com/Textile-Processing-2,"textile processing 2, textile processing semester 2, textile processing 2st/2nd/2rd/2th",FREE — send this when user asks branch+semester
PYQ Semester,Textile Processing Sem 3 PYQ,Semester-wise previous year papers page,https://hsbteleet.com/Textile-Processing-3,"textile processing 3, textile processing semester 3, textile processing 3st/3nd/3rd/3th",FREE — send this when user asks branch+semester
PYQ Semester,Textile Processing Sem 4 PYQ,Semester-wise previous year papers page,https://hsbteleet.com/Textile-Processing-4,"textile processing 4, textile processing semester 4, textile processing 4st/4nd/4rd/4th",FREE — send this when user asks branch+semester
PYQ Semester,Textile Processing Sem 5 PYQ,Semester-wise previous year papers page,https://hsbteleet.com/Textile-Processing-5,"textile processing 5, textile processing semester 5, textile processing 5st/5nd/5rd/5th",FREE — send this when user asks branch+semester
PYQ Semester,Textile Processing Sem 6 PYQ,Semester-wise previous year papers page,https://hsbteleet.com/Textile-Processing-6,"textile processing 6, textile processing semester 6, textile processing 6st/6nd/6rd/6th",FREE — send this when user asks branch+semester
PYQ Branch Hub,Textile Technology PYQ Hub,Branch landing for previous year papers,https://hsbteleet.com/Textile-Technology,textile technology pyq,FREE
PYQ Semester,Textile Technology Sem 1 PYQ,Semester-wise previous year papers page,https://hsbteleet.com/Textile-Technology-1,"textile technology 1, textile technology semester 1, textile technology 1st/1nd/1rd/1th",FREE — send this when user asks branch+semester
PYQ Semester,Textile Technology Sem 2 PYQ,Semester-wise previous year papers page,https://hsbteleet.com/Textile-Technology-2,"textile technology 2, textile technology semester 2, textile technology 2st/2nd/2rd/2th",FREE — send this when user asks branch+semester
PYQ Semester,Textile Technology Sem 3 PYQ,Semester-wise previous year papers page,https://hsbteleet.com/Textile-Technology-3,"textile technology 3, textile technology semester 3, textile technology 3st/3nd/3rd/3th",FREE — send this when user asks branch+semester
PYQ Semester,Textile Technology Sem 4 PYQ,Semester-wise previous year papers page,https://hsbteleet.com/Textile-Technology-4,"textile technology 4, textile technology semester 4, textile technology 4st/4nd/4rd/4th",FREE — send this when user asks branch+semester
PYQ Semester,Textile Technology Sem 5 PYQ,Semester-wise previous year papers page,https://hsbteleet.com/Textile-Technology-5,"textile technology 5, textile technology semester 5, textile technology 5st/5nd/5rd/5th",FREE — send this when user asks branch+semester
PYQ Semester,Textile Technology Sem 6 PYQ,Semester-wise previous year papers page,https://hsbteleet.com/Textile-Technology-6,"textile technology 6, textile technology semester 6, textile technology 6st/6nd/6rd/6th",FREE — send this when user asks branch+semester
PYQ Branch Hub,FAA PYQ Hub,Branch landing for previous year papers,https://hsbteleet.com/FAA,faa pyq,FREE
PYQ Semester,FAA Sem 1 PYQ,Semester-wise previous year papers page,https://hsbteleet.com/FAA-1,"faa 1, faa semester 1, faa 1st/1nd/1rd/1th",FREE — send this when user asks branch+semester
PYQ Semester,FAA Sem 2 PYQ,Semester-wise previous year papers page,https://hsbteleet.com/FAA-2,"faa 2, faa semester 2, faa 2st/2nd/2rd/2th",FREE — send this when user asks branch+semester
PYQ Semester,FAA Sem 3 PYQ,Semester-wise previous year papers page,https://hsbteleet.com/FAA-3,"faa 3, faa semester 3, faa 3st/3nd/3rd/3th",FREE — send this when user asks branch+semester
PYQ Semester,FAA Sem 4 PYQ,Semester-wise previous year papers page,https://hsbteleet.com/FAA-4,"faa 4, faa semester 4, faa 4st/4nd/4rd/4th",FREE — send this when user asks branch+semester
PYQ Semester,FAA Sem 5 PYQ,Semester-wise previous year papers page,https://hsbteleet.com/FAA-5,"faa 5, faa semester 5, faa 5st/5nd/5rd/5th",FREE — send this when user asks branch+semester
PYQ Branch Hub,Advance Diploma PYQ Hub,Branch landing for previous year papers,https://hsbteleet.com/Adv-Diploma,advance diploma pyq,FREE
PYQ Semester,Advance Diploma Sem 1 PYQ,Semester-wise previous year papers page,https://hsbteleet.com/Adv-Diploma-1,"advance diploma 1, advance diploma semester 1, advance diploma 1st/1nd/1rd/1th",FREE — send this when user asks branch+semester
PYQ Semester,Advance Diploma Sem 2 PYQ,Semester-wise previous year papers page,https://hsbteleet.com/Adv-Diploma-2,"advance diploma 2, advance diploma semester 2, advance diploma 2st/2nd/2rd/2th",FREE — send this when user asks branch+semester
PYQ Semester,Advance Diploma Sem 3 PYQ,Semester-wise previous year papers page,https://hsbteleet.com/Adv-Diploma-3,"advance diploma 3, advance diploma semester 3, advance diploma 3st/3nd/3rd/3th",FREE — send this when user asks branch+semester
PYQ Semester,Advance Diploma Sem 4 PYQ,Semester-wise previous year papers page,https://hsbteleet.com/Adv-Diploma-4,"advance diploma 4, advance diploma semester 4, advance diploma 4st/4nd/4rd/4th",FREE — send this when user asks branch+semester
PYQ Branch Hub,D Pharmacy PYQ Hub,Branch landing for previous year papers,https://hsbteleet.com/d-pharmacy,d pharmacy pyq,FREE
PYQ Semester,D Pharmacy Sem 1 PYQ,Semester-wise previous year papers page,https://hsbteleet.com/d-pharmacy-1,"d pharmacy 1, d pharmacy semester 1, d pharmacy 1st/1nd/1rd/1th",FREE — send this when user asks branch+semester
PYQ Semester,D Pharmacy Sem 2 PYQ,Semester-wise previous year papers page,https://hsbteleet.com/d-pharmacy-2,"d pharmacy 2, d pharmacy semester 2, d pharmacy 2st/2nd/2rd/2th",FREE — send this when user asks branch+semester
Free LEET Samples,B.Tech Sample Paper 1,Free LEET style sample,https://hsbteleet.com/btech-sample-paper-1,free sample 1,FREE
Free LEET Samples,B.Tech Sample Paper 2,Free LEET style sample,https://hsbteleet.com/btech-sample-paper-2,free sample 2,FREE
Free LEET Samples,B.Tech Sample Paper 3,Free LEET style sample,https://hsbteleet.com/btech-sample-paper-3,free sample 3,FREE
Free LEET Samples,B.Tech Sample Paper 4,Free LEET style sample,https://hsbteleet.com/btech-sample-paper-4,free sample 4,FREE
Free LEET Samples,B.Tech Sample Paper 5,Free LEET style sample,https://hsbteleet.com/btech-sample-paper-5,free sample 5,FREE
Free LEET Samples,B.Tech Sample Paper 6,Free LEET style sample,https://hsbteleet.com/btech-sample-paper-6,free sample 6,FREE
Free LEET Samples,B.Tech Sample Paper 7,Free LEET style sample,https://hsbteleet.com/btech-sample-paper-7,free sample 7,FREE
Free LEET Samples,B.Tech Sample Paper 8,Free LEET style sample,https://hsbteleet.com/btech-sample-paper-8,free sample 8,FREE
Free LEET Samples,B.Tech Sample Paper 9,Free LEET style sample,https://hsbteleet.com/btech-sample-paper-9,free sample 9,FREE
Free LEET Samples,B.Tech Sample Paper 10,Free LEET style sample,https://hsbteleet.com/btech-sample-paper-10,free sample 10,FREE
Free LEET Samples,B.Tech Sample Paper 11,Free LEET style sample,https://hsbteleet.com/btech-sample-paper-11,free sample 11,FREE
Section Papers,Section A Paper 1,Section-wise practice,https://hsbteleet.com/section-a-1,section a,May require premium depending on page
Section Papers,Section A Paper 2,Section-wise practice,https://hsbteleet.com/section-a-2,section a,May require premium depending on page
Section Papers,Section B Paper 1,Section-wise practice,https://hsbteleet.com/section-b-1,section b,May require premium depending on page
Section Papers,Section B Paper 2,Section-wise practice,https://hsbteleet.com/section-b-2,section b,May require premium depending on page
Section Papers,Section C Paper 1,Section-wise practice,https://hsbteleet.com/section-c-1,section c,May require premium depending on page
Section Papers,Section C Paper 2,Section-wise practice,https://hsbteleet.com/section-c-2,section c,May require premium depending on page
Section Papers,Section D Paper 1,Section-wise practice,https://hsbteleet.com/section-d-1,section d,May require premium depending on page
Section Papers,Section D Paper 2,Section-wise practice,https://hsbteleet.com/section-d-2,section d,May require premium depending on page
Support,WhatsApp Chat Link,Direct WhatsApp to admin,https://wa.me/919992507270,"whatsapp, admin",9992507270
Support,Email,Support email,mailto:nishant@hsbteleet.com,email,nishant@hsbteleet.com
Official,HSTES,Official counselling site,https://hstes.org.in,hstes official,Government
Official,DTE Haryana,Directorate of Technical Education,http://techeduhry.gov.in/,dte haryana,Government
BOT RULE,Unknown / Custom Doubt Template,If user question not matched OR payment issue OR personal doubt,https://hsbteleet.com/contact,"doubt, unknown, custom",Your message is marked HIGH PRIORITY ✅ |  | Our admin will contact you soon on WhatsApp. |  | Meanwhile you can also: | • Email: nishant@hsbteleet.com | • WhatsApp: https://wa.me/919992507270 | • Contact page: https://hsbteleet.com/contact |  | Thank you for choosing hsbteleet.com 🙏